<?xml version="1.0" encoding="UTF-8"?>
<project-private xmlns="http://www.netbeans.org/ns/project-private/1">
    <editor-bookmarks xmlns="http://www.netbeans.org/ns/editor-bookmarks/2" lastBookmarkId="0"/>
    <open-files xmlns="http://www.netbeans.org/ns/projectui-open-files/2">
        <group>
            <file>file:/C:/Users/jivan/daw/2021-2022/codigo/dwes05_proyecto_oo_blade/views/portada.blade.php</file>
            <file>file:/C:/Users/jivan/daw/2021-2022/codigo/dwes05_proyecto_oo_blade/views/productos.blade.php</file>
            <file>file:/C:/Users/jivan/daw/2021-2022/codigo/dwes05_proyecto_oo_blade/composer.json</file>
            <file>file:/C:/Users/jivan/daw/2021-2022/codigo/dwes05_proyecto_oo_blade/src/familias.php</file>
            <file>file:/C:/Users/jivan/daw/2021-2022/codigo/dwes05_proyecto_oo_blade/src/login.php</file>
            <file>file:/C:/Users/jivan/daw/2021-2022/codigo/dwes05_proyecto_oo_blade/views/login.blade.php</file>
            <file>file:/C:/Users/jivan/daw/2021-2022/codigo/dwes05_proyecto_oo_blade/src/productos.php</file>
            <file>file:/C:/Users/jivan/daw/2021-2022/codigo/dwes05_proyecto_oo_blade/modelo/Usuario.php</file>
            <file>file:/C:/Users/jivan/daw/2021-2022/codigo/dwes05_proyecto_oo_blade/modelo/BD.php</file>
            <file>file:/C:/Users/jivan/daw/2021-2022/codigo/dwes05_proyecto_oo_blade/modelo/Familia.php</file>
            <file>file:/C:/Users/jivan/daw/2021-2022/codigo/dwes05_proyecto_oo_blade/views/app.blade.php</file>
            <file>file:/C:/Users/jivan/daw/2021-2022/codigo/dwes05_proyecto_oo_blade/views/familias.blade.php</file>
            <file>file:/C:/Users/jivan/daw/2021-2022/codigo/dwes05_proyecto_oo_blade/modelo/Producto.php</file>
        </group>
    </open-files>
</project-private>
