<?xml version="1.0" encoding="UTF-8"?>
<project-private xmlns="http://www.netbeans.org/ns/project-private/1">
    <editor-bookmarks xmlns="http://www.netbeans.org/ns/editor-bookmarks/2" lastBookmarkId="0"/>
    <open-files xmlns="http://www.netbeans.org/ns/projectui-open-files/2">
        <group>
            <file>file:/C:/Users/jivan/daw/2021-2022/codigo/dwes05_proyecto_oo/src/detalle.php</file>
            <file>file:/C:/Users/jivan/daw/2021-2022/codigo/dwes05_proyecto_oo/src/crear.php</file>
            <file>file:/C:/Users/jivan/daw/2021-2022/codigo/dwes05_proyecto_oo/src/modificar.php</file>
            <file>file:/C:/Users/jivan/daw/2021-2022/codigo/dwes05_proyecto_oo/src/login.php</file>
            <file>file:/C:/Users/jivan/daw/2021-2022/codigo/dwes05_proyecto_oo/src/borrar.php</file>
            <file>file:/C:/Users/jivan/daw/2021-2022/codigo/dwes05_proyecto_oo/src/listado.php</file>
        </group>
    </open-files>
</project-private>
